Amount_of_threads;Time_of_execution;Speedup
1;0.675568;1
2;0.348608;1.9379
4;0.178342;3.78805
7;0.106406;6.34895
8;0.0936819;7.2113
