Amount_of_threads;Time_of_execution;Speedup
1;3.93358;1
2;1.37474;2.86134
4;0.707456;5.56018
7;0.422481;9.31068
8;0.367656;10.6991
