Amount_of_threads;Time_of_execution;Speedup
1;1.26746;1
2;0.547936;2.31315
4;0.340738;3.71974
7;0.225504;5.62057
8;0.212021;5.978
