Amount_of_threads;Time_of_execution;Speedup
1;3.99041;1
2;1.98756;2.0077
4;1.11583;3.57617
7;0.866228;4.60665
8;0.850646;4.69103
